AC_YEAR,STATCD,STATNAME,DISTRICTS,BLOCKS,VILLAGES,CLUSTERS,TOTPOPULAT,P_URB_POP,POPULATION_0_6,GROWTHRATE,SEXRATIO,P_SC_POP,P_ST_POP,OVERALL_LI,FEMALE_LIT,MALE_LIT,AREA_SQKM,TOT_6_10_15,TOT_11_13_15,SCHTOT,,SCHTOTG,,,,,,,,,SCHTOTP,,,,,,,,,SCHTOTM,SCHTOTGR,SCHTOTGA,SCHTOTPR,SCHBOYTOT,ENRTOT,ENRTOTG,ENRTOTP,ENRTOTM,ENRTOTGR,ENRTOTPR,TCHTOTG,TCHTOTP,TCHTOTM,SCLSTOT,STCHTOT,ROADTOT,SPLAYTOT,SBNDRTOT,SGTOILTOT,SBTOILTOT,SWATTOT,SELE1,SELE2,SELE3,SELE4,SELE5,SELE6,SELE7,SELETOT,SCOMP1,SCOMP2,SCOMP3,SCOMP4,SCOMP5,SCOMP6,SCOMP7,SCOMPTOT,SRAM1,SRAM2,SRAM3,SRAM4,SRAM5,SRAM6,SRAM7,SRAMTOT,SRAMN1,SRAMN2,SRAMN3,SRAMN4,SRAMN5,SRAMN6,SRAMN7,SRAMNTOT,ESTD1,ESTD2,ESTD3,ESTD4,ESTD5,ESTD6,ESTD7,ESTDTOT,MDM1,MDM2,MDM3,MDM4,MDM5,MDM6,MDM7,MDMTOT,KIT1,KIT2,KIT3,KIT4,KIT5,KIT6,KIT7,KITTOT,KITS1,KITS2,KITS3,KITS4,KITS5,KITS6,KITS7,KITSTOT,ENR501,ENR502,ENR503,ENR504,ENR505,ENR506,ENR507,ENR50TOT,SMC1,SMC2,SMC3,SMC4,SMC5,SMC6,SMC7,SMCTOT,CLS1,CLS2,CLS3,CLS4,CLS5,CLS6,CLS7,CLSTOT,TCH1,TCH2,TCH3,TCH4,TCH5,TCH6,TCH7,TCHTOT,TCHF1,TCHF2,TCHF3,TCHF4,TCHF5,TCHF6,TCHF7,TCHF9,TCHFTOT,TCHM1,TCHM2,TCHM3,TCHM4,TCHM5,TCHM6,TCHM7,TCHMTOT,ENRG1,ENRG2,ENRG3,ENRG4,ENRG5,ENRG6,ENRG7,ENRGTOT
2015-16,1,JAMMU & KASHMIR,22,201,7263,1628,12549,20.05,16.01,23.71,883,7.4,11.9,68.74,58.01,78.26,222236,1452682,865656,28578,,23329,,,,,,,,,5247,,,,,,,,,2,21829,23329,3776,28128,1856776,1024643,832077,56,951439,515189,98689,59148,10,2114,1745,22634,10604,9710,26934,25887,26362,2142,2910,472,59,90,2117,288,8078,601,2094,438,15,72,1545,151,4916,1049,1804,68,11,38,590,186,3746,1988,2716,102,26,41,846,237,5956,10682,2138,63,110,6,211,3,13213,13147,8006,75,104,77,1391,401,23201,7150,6229,65,56,57,1207,310,15074,11917,7743,74,97,76,1377,390,21674,13144,3555,32,111,52,365,301,17560,13014,7970,88,133,84,1378,411,23078,41171,62474,7878,564,495,24326,2001,138909,35378,66915,11006,821,1878,36581,5268,157847,14731,28202,6938,707,600,18085,1590,0,70853,20647,38713,4068,114,1278,18496,3678,86994,201825,395417,78574,4590,2450,195609,7734,886199
2015-16,2,HIMACHAL PRADESH,12,124,10120,2243,6857,8.69,11.14,12.81,974,25.2,5.7,83.78,76.6,90.83,55673,588162,354221,18024,,15386,,,,,,,,,2637,,,,,,,,,1,15014,15386,2258,17952,950766,580395,370337,34,547430,277699,66338,28524,3,540,1476,14929,15456,12016,17949,17898,17999,10097,787,564,1788,1624,682,859,16401,534,643,541,399,1441,649,473,4680,6966,82,77,1201,1132,71,628,10157,7618,239,156,1350,1194,194,670,11421,973,610,212,1238,83,349,173,3638,10709,1,1,2127,1613,0,880,15331,10081,0,0,1788,1550,0,849,14268,10626,1,0,2012,1604,0,874,15117,9730,241,25,1846,430,62,496,12830,10712,3,17,2121,1613,2,880,15348,38307,6930,6909,6498,5445,6151,2717,72957,27880,6906,10928,7568,27179,8294,6110,94865,12503,4951,7619,1958,9973,5790,2070,0,44864,15377,1955,3309,5610,17206,2504,4040,50001,174209,29343,77429,33110,67009,47972,23645,452717
2015-16,3,PUNJAB,22,146,13197,1780,27704,29.82,10.62,13.73,893,31.9,0,76.68,71.34,81.48,50362,2447062,1498066,28776,,20488,,,,,,,,,7163,,,,,,,,,1125,18005,20956,3831,28327,3962439,2072324,1651510,238605,1560105,755203,128034,106425,16011,562,1583,28650,27853,28317,28482,28216,28771,14361,2575,2592,2864,1754,2742,1869,28757,1326,2251,2558,2720,1750,2665,1866,15136,2275,329,363,549,454,359,462,4791,2488,435,482,593,487,515,490,5490,1071,1396,913,1149,49,1107,116,5801,13195,42,187,2860,1701,60,1856,19901,12020,28,113,2574,1565,38,1704,18042,12352,33,144,2660,1593,49,1734,18565,6692,559,61,977,50,141,118,8598,13156,120,286,2861,1721,121,1860,20125,56222,23531,42532,9244,8406,30835,7218,177988,48104,23929,69743,12158,36588,39538,20410,250470,32913,20775,57114,6881,21647,33952,11718,0,185000,15191,3154,12629,5277,14941,5586,8692,65470,537759,135915,470503,96086,144666,289141,113094,1787164
2015-16,4,CHANDIGARH,1,20,84,20,1055,97.25,11.18,17.1,818,18.9,0,86.43,81.38,90.54,114,114473,67721,201,,115,,,,,,,,,80,,,,,,,,,6,16,122,1,198,157921,101884,55040,997,17869,386,5437,3801,71,1,0,201,187,201,200,198,201,12,29,85,0,5,70,0,201,6,27,85,0,5,67,0,190,4,10,44,0,2,34,0,94,4,12,47,0,2,41,0,106,3,9,10,0,1,14,0,37,7,12,43,0,2,52,0,116,0,0,5,0,0,2,0,7,0,0,5,0,0,2,0,7,1,0,0,0,0,0,0,1,7,12,46,0,3,52,0,120,135,419,2066,0,36,1398,0,4054,182,590,5479,0,234,2824,0,9309,154,440,4456,0,179,2116,0,0,7345,28,150,1023,0,55,708,0,1964,1565,6026,37830,0,467,27242,0,73130
2015-16,5,UTTARAKHAND,13,95,11989,995,10117,21.54,13.14,19.17,963,18.8,2.9,79.63,70.7,88.33,53483,1123220,687598,23660,,17505,,,,,,,,,5787,,,,,,,,,368,16860,18044,4253,23317,1712673,757209,907076,48388,679723,604115,65399,42144,1831,259,1558,18214,13768,19105,22866,22726,22836,9596,1437,483,2575,1525,162,736,16514,1993,1236,470,1968,1504,151,588,7910,3176,130,59,633,218,17,155,4388,3651,175,81,781,282,24,196,5190,3216,777,121,1487,82,64,165,5912,12473,22,38,2917,1462,7,818,17737,11102,17,27,2462,1299,5,732,15644,12453,22,37,2910,1458,7,813,17700,11636,136,10,2372,444,9,428,15035,12492,21,64,2932,1458,11,818,17796,48215,14587,7545,12388,6671,1855,3227,94488,42791,12914,8355,12361,24255,1932,6766,109374,23164,8660,5684,4687,6114,1314,2026,0,51649,19627,4254,2671,7674,18141,618,4740,57725,352019,132706,113492,83982,75680,21291,32523,811764
2015-16,6,HARYANA,21,126,7438,1523,25353,24.12,13.01,19.9,877,20.2,0,76.64,66.77,85.38,44212,2556187,1509213,22268,,14598,,,,,,,,,6834,,,,,,,,,836,13171,14825,4038,20888,3730944,1663751,1970731,96462,1352437,989249,93090,105482,6398,207,1074,21824,18780,21740,21390,20788,22252,9640,2232,2329,2264,1911,1926,1424,21726,785,1737,2236,741,1868,1706,1377,10450,3135,479,678,818,883,394,560,6947,3446,567,731,922,954,445,639,7704,980,1128,940,227,16,602,17,3910,8911,2,56,2405,1857,19,1392,14642,5785,2,32,1664,1520,9,1080,10092,7694,2,53,2058,1645,17,1232,12701,3062,134,25,838,103,66,181,4409,8912,2,51,2411,1857,17,1396,14646,52975,23273,35337,8686,10503,20136,6481,157391,40322,22024,58498,8423,37801,24832,13070,204970,18363,15062,40115,2694,17333,16095,5146,0,114808,21959,6962,18383,5729,20468,8737,7924,90162,549193,169740,420909,102308,157609,204384,90059,1694202
2015-16,7,DELHI,9,69,1201,69,16753,77.03,11.76,20.96,866,16.8,0,86.34,80.93,91.03,1483,1704499,874236,5751,,2826,,,,,,,,,2925,,,,,,,,,0,145,3082,83,4821,3007010,1675648,1331362,0,35269,30279,76219,62630,0,3,13,5751,5026,5720,4735,4821,5751,2750,902,1135,35,545,260,117,5744,2209,848,1018,11,413,251,75,4825,1977,562,896,21,485,177,100,4218,1977,562,896,21,485,177,100,4218,612,422,143,10,102,56,34,1379,1766,15,533,30,533,29,111,3017,0,0,0,0,0,0,0,0,0,0,0,0,0,0,0,0,60,8,0,3,12,0,2,85,1722,16,546,28,522,33,110,2977,31334,10627,26042,287,5952,3943,1074,79259,27492,11097,67256,419,23284,5948,3353,138849,19977,9531,52774,235,11101,5059,1746,0,100423,7515,1566,14482,184,12183,889,1607,38426,502958,125309,546957,5642,140471,51734,31087,1404158
2015-16,8,RAJASTHAN,33,302,41441,10594,68621,19.26,15.31,21.44,926,17.8,13.5,67.06,52.66,80.51,342239,8238091,4451853,107931,,70664,,,,,,,,,34872,,,,,,,,,2395,67154,70664,21886,106362,12340135,6266075,5891623,182437,5817327,3582303,329603,319231,7249,2933,12836,84991,56458,89607,107555,105504,104512,8058,26426,14043,204,1139,9415,377,59662,2515,12259,10037,179,933,6082,279,32284,11725,11480,4847,89,357,2690,99,31287,18118,17611,7971,131,612,4781,193,49417,20575,13592,2568,205,198,3481,73,40692,34854,20815,8324,163,640,3953,194,68943,25699,16605,6184,139,374,2953,110,52064,32409,19401,7826,160,549,3604,167,64116,30004,4164,467,40,380,481,137,35673,34824,20919,7122,200,484,3565,163,67277,125798,253514,120330,979,5189,86126,1720,593656,95262,234628,196604,1043,13669,111807,3070,656083,33682,87952,62300,876,4404,38498,1152,0,228864,61580,146676,134304,167,9265,73309,1918,427219,911257,2276074,1494818,17813,49563,922904,14339,5687861
2015-16,9,UTTAR PRADESH,75,971,98470,9423,199581,17.31,14.9,20.09,908,20.7,0.6,69.72,59.26,79.24,240928,27421871,14858172,245919,,161329,,,,,,,,,80385,,,,,,,,,4205,155108,169373,60214,241982,36425633,16602729,18876867,946037,15931346,13777746,529650,468533,20729,1798,20394,236294,173437,176042,244174,241384,242777,56258,8784,2206,23047,6573,734,2066,99668,10392,3613,1466,10900,4551,347,762,32031,35539,1768,942,13149,3128,291,1055,55872,40522,2183,1083,15549,3709,328,1236,64610,53953,5565,855,39356,2110,466,1531,103836,113668,282,369,47636,2107,30,279,164371,91710,151,212,35320,1200,15,163,128771,108770,244,292,45130,1739,22,240,156437,18684,247,86,18988,1036,31,366,39438,113450,390,460,47887,2223,46,295,164751,746590,99397,24849,297150,42320,6679,12482,1229467,546381,78246,33663,242310,91967,7489,18856,1018912,245963,33079,15145,86963,18496,2807,4375,0,406828,298735,44933,18385,154632,72929,4665,14335,608614,10523879,1929470,748196,3355140,900812,173272,248663,17895397
2015-16,10,BIHAR,38,537,40779,5633,103805,8.36,17.9,25.07,916,15.9,1.3,63.82,53.33,73.39,94163,15017838,6730614,80166,,71411,,,,,,,,,3477,,,,,,,,,5278,67441,71632,2108,79771,23431785,21548009,895815,987961,20363333,506693,385728,39230,42919,1521,3396,69162,28295,42122,71956,71000,75544,9124,16739,569,127,78,1228,98,27963,1030,4236,272,34,61,410,42,6085,7870,9032,247,101,24,758,39,18071,9376,10125,290,105,38,846,61,20841,21912,4086,129,3,11,210,8,26359,39941,26562,468,278,24,1787,80,69140,20658,18598,347,201,15,1343,34,41196,38052,25320,461,273,24,1723,75,65928,1857,907,53,5,18,63,90,2993,40504,26040,462,276,60,1759,135,69236,147323,272919,11332,2481,475,23095,927,458552,146405,272496,15470,2334,1513,27726,1933,467877,62052,90181,2850,851,316,7509,411,0,164170,78083,147183,7378,1472,1024,16105,1442,252687,3559768,7101380,246164,67333,11526,663388,18230,11667789
2015-16,11,SIKKIM,4,29,756,111,608,9.85,10.05,12.36,889,4.6,33.8,82.2,76.43,87.29,7096,59113,29539,1279,,870,,,,,,,,,409,,,,,,,,,0,841,873,340,1274,105297,73272,32025,0,64998,21469,10911,4166,0,10,3,1079,870,442,1193,1272,1260,485,319,80,1,6,131,4,1026,261,293,79,0,7,131,1,772,69,25,7,0,0,15,0,116,125,68,15,0,0,24,0,232,240,80,1,1,1,6,3,332,486,186,64,1,4,113,1,855,449,182,64,1,4,110,1,811,475,184,64,1,4,113,1,842,651,61,0,0,3,5,1,721,484,187,67,1,6,114,4,863,3493,3029,1167,3,46,1390,25,9153,4205,4495,3364,6,92,2869,46,15077,2218,2600,1879,3,19,1500,18,0,8237,1987,1895,1485,3,73,1369,28,6840,8757,16640,13061,74,400,12068,351,51351
2015-16,12,ARUNACHAL PRADESH,20,99,2982,234,1383,16.48,14.66,25.92,920,0,68.8,66.95,59.57,73.69,83743,174523,77791,4012,,3464,,,,,,,,,518,,,,,,,,,30,3244,3524,337,3922,322458,232903,87420,2135,186132,51483,15331,6051,202,152,1083,2646,1564,2108,3867,3750,3264,450,589,60,40,45,175,29,1388,96,501,63,25,52,193,33,963,338,231,13,6,9,37,11,645,401,277,16,6,12,50,16,778,1506,432,13,49,4,36,18,2058,2037,956,36,15,40,150,25,3259,1195,668,33,8,22,119,16,2061,1959,929,36,15,38,150,23,3150,1852,285,4,6,9,6,7,2169,2008,953,41,43,46,149,37,3277,8564,9020,820,202,304,2022,206,21138,5471,9283,1393,407,1132,3430,468,21584,2252,4227,492,242,324,1538,165,0,9240,3219,5056,901,165,808,1892,303,12344,41009,74770,8946,4591,3278,24364,2170,159128
2015-16,13,NAGALAND,11,47,1478,125,1981,17.31,14.44,-0.47,931,0,86.5,80.11,76.69,83.29,16579,239278,109124,2799,,2092,,,,,,,,,707,,,,,,,,,0,1895,2092,446,2797,349696,166596,183100,0,137510,87464,19212,11108,0,5,48,2298,1263,1896,2795,2760,2294,251,471,104,23,40,333,115,1337,70,365,103,30,41,346,157,1112,278,229,5,19,7,27,28,593,334,261,10,19,11,43,41,719,414,112,7,6,6,54,19,618,1039,553,1,34,36,71,154,1888,869,497,1,30,32,67,137,1633,985,540,1,34,35,69,148,1812,741,99,2,18,6,20,56,942,1127,577,5,38,43,82,172,2044,6588,6152,1772,167,256,3639,781,19355,7392,8861,3375,299,1438,6529,2426,30320,3564,4532,2108,102,702,3607,743,0,15358,3828,4329,1267,197,736,2922,1683,14962,31830,51191,32048,1312,3037,44844,7135,171460
2015-16,14,MANIPUR,9,35,2422,225,2722,21.16,12.98,18.65,987,3.8,35.1,79.85,73.17,86.49,22327,263906,121088,4865,,3308,,,,,,,,,1432,,,,,,,,,125,2995,3881,1115,4829,502596,188020,301111,13465,163862,209572,19803,17835,1298,35,330,4084,2602,1412,4799,4765,4848,246,466,100,27,21,587,115,1562,64,360,96,25,21,588,115,1269,1103,302,16,11,10,181,79,1702,1192,330,16,12,10,211,82,1853,959,132,13,25,3,100,5,1237,2566,527,16,32,9,248,137,3535,1036,259,12,16,7,115,71,1516,2289,488,16,31,8,235,135,3202,2318,232,2,24,2,39,61,2678,2857,529,21,52,18,255,144,3876,10935,6594,1456,247,124,7014,604,26974,11874,8319,3189,392,703,12531,1928,38936,5707,4150,1596,170,326,6259,993,0,19201,6167,4169,1593,222,377,6272,935,19735,57881,50696,26922,2566,1723,101535,7361,248684
2015-16,15,MIZORAM,8,36,851,169,1091,40.42,15.17,22.78,975,0.1,94.4,91.58,89.4,93.72,21081,118153,51193,3072,,2277,,,,,,,,,791,,,,,,,,,4,1711,2355,480,3067,214317,112402,101818,97,82420,39836,11712,6750,20,7,77,2898,1971,1654,3048,2995,2848,769,308,0,786,0,0,0,1863,133,189,0,588,0,0,0,910,443,20,0,415,0,0,0,878,552,120,0,530,0,0,0,1202,361,257,0,360,0,0,0,978,1317,1,0,1025,0,0,0,2343,1276,1,0,1000,0,0,0,2277,1300,1,0,1022,0,0,0,2323,971,55,0,632,0,0,0,1658,1317,1,0,1026,0,0,0,2344,6593,3267,0,4575,0,0,0,14435,6189,4272,0,8021,0,0,0,18482,3094,2446,0,3069,0,0,0,0,8609,3095,1826,0,4952,0,0,0,9873,39412,33591,0,30260,0,0,0,103263
2015-16,16,TRIPURA,8,71,1101,368,3671,14.87,12.1,14.75,961,17.8,31.8,87.75,83.15,92.18,10486,339817,158355,4844,,4322,,,,,,,,,335,,,,,,,,,187,4055,4370,232,4821,569512,468117,84693,16702,405963,50509,40293,5696,624,149,8,3898,3002,936,4826,4806,4352,327,175,336,1,67,451,9,1366,116,75,290,1,62,207,7,758,252,213,107,0,20,165,3,760,351,272,117,1,24,189,3,957,1378,129,9,1,5,22,3,1547,2252,1165,308,0,63,535,8,4331,1965,1097,299,0,57,519,8,3945,2204,1159,307,0,63,532,8,4273,1764,186,2,0,2,6,3,1963,2267,1169,315,1,67,537,9,4365,9961,8411,2669,7,330,3634,34,25046,10638,12577,11239,13,1690,10339,117,46613,2856,3065,4237,7,475,2889,60,0,13589,7782,9512,7002,6,1215,7450,57,33024,58998,72409,73062,87,4602,69660,504,279322
2015-16,17,MEGHALAYA,11,41,6166,609,2964,15.32,18.75,27.82,986,0.6,86.1,75.48,73.78,77.17,22429,388745,167695,13277,,7764,,,,,,,,,5398,,,,,,,,,115,7432,11345,4942,13208,775613,379770,388651,7192,349363,314831,22924,20721,503,1998,997,7551,4392,2254,11349,11581,8314,1115,98,29,1215,28,93,127,2705,331,50,26,676,27,71,103,1284,1839,6,7,947,7,3,26,2835,2395,14,12,1149,10,14,38,3632,2864,112,4,1927,0,38,17,4962,7841,20,2,3117,6,6,67,11059,6979,19,1,2559,5,5,59,9627,7686,20,1,3017,6,6,66,10802,6048,27,0,2253,1,10,27,8366,7868,21,10,3144,17,12,98,11170,26899,1276,374,11129,199,971,627,41475,23517,1479,1026,14089,693,1538,1806,44148,13451,1077,698,6628,355,1106,916,0,24231,10066,402,328,7461,338,432,890,19917,245621,15094,8352,93654,3656,13559,12872,393293
2015-16,18,ASSAM,27,145,21833,3416,31169,11.03,14.47,16.93,954,7.2,12.4,73.18,67.27,78.81,78438,3506540,1838910,65894,,50143,,,,,,,,,7839,,,,,,,,,7912,47764,54073,6999,64642,5432053,4140192,955449,336412,3806970,739240,204554,73872,23575,12471,1337,54335,37171,18742,55372,53929,56568,5027,1094,228,3456,642,1322,1081,12850,571,606,194,2064,567,895,834,5731,21175,662,42,3314,92,60,159,25504,22636,762,62,3826,159,199,324,27968,6029,871,104,604,25,810,58,8501,40209,953,2,10285,628,7,1100,53184,29765,707,2,4399,424,6,677,35980,39136,931,2,9925,620,7,1077,51698,25480,329,7,4200,41,106,229,30392,40444,956,44,10660,543,20,898,53565,128723,14504,3514,41269,4331,15752,5950,214043,133900,19917,5614,77458,18370,26239,20503,302001,49893,8444,3109,19555,6626,14422,7150,0,109199,84007,11473,2505,57903,11744,11817,13353,192802,1606264,131035,55567,583847,67005,183652,100285,2727655
2015-16,19,WEST BENGAL,21,470,41179,3799,991348,24.55,11.07,13.93,947,23.5,5.8,77.08,71.16,82.67,88752,7843098,4549909,95723,,82737,,,,,,,,,9754,,,,,,,,,3232,73072,82990,7156,92932,12909034,11193885,1143436,571713,9437510,813785,453965,85432,26249,5600,3510,84691,38652,40962,92940,90797,94207,54594,1161,581,3845,6119,323,2724,69347,3597,598,455,738,5023,232,1481,12124,25420,114,113,2180,3260,50,1324,32461,27448,162,132,2643,3458,58,1415,35316,16115,628,99,6521,93,131,142,23729,66413,100,65,6462,5860,17,2631,81548,55965,54,39,4615,4742,10,1977,67402,63890,85,46,6087,5573,13,2406,78100,29059,388,90,1428,51,76,179,31271,33428,103,72,4185,5250,29,2328,45395,294360,12365,9728,28340,78017,3910,22878,449598,300391,14472,17553,29092,162379,5331,36428,565646,139215,6226,10708,6506,60148,2544,15854,0,241201,161062,8197,6790,22572,102210,2785,20574,324190,3033770,104855,146976,533658,2057555,45222,527554,6449590
2015-16,20,JHARKHAND,24,260,27862,2264,32966,18.18,15.89,22.34,947,12.1,26.2,67.63,56.21,78.45,79714,4077439,2013642,47441,,40437,,,,,,,,,2586,,,,,,,,,4418,38694,41571,1872,46793,6522068,4729025,929811,863232,4421721,504215,124004,25992,31870,407,7780,25306,19210,13527,45665,45166,44360,1774,3552,326,61,264,858,338,7173,976,2066,311,36,264,676,325,4654,5507,3717,39,16,43,444,52,9818,7825,4622,58,28,87,555,95,13270,19641,2463,71,38,308,246,76,22843,26063,13081,25,34,119,1335,158,40815,16050,10268,14,23,73,1096,73,27597,25725,12894,25,34,107,1322,141,40248,13685,686,5,56,70,28,129,14659,26181,13073,43,31,267,1349,177,41121,92258,125475,7618,556,2004,20625,3254,251790,57498,85359,10566,491,2878,19836,5238,181866,17967,27840,5446,198,1491,7238,1803,0,61983,39531,57519,5120,293,1387,12597,3435,119882,867513,1731749,141729,10002,38561,366975,60042,3217775
2015-16,21,ODISHA,30,423,39334,4880,41947,13.15,12,13.97,978,17.1,22.8,73.45,64.36,82.4,155707,3963217,2351996,68978,,58476,,,,,,,,,8537,,,,,,,,,1965,55324,63336,7271,67863,6328084,5053711,1023703,250670,4645616,638657,226397,69979,18612,6407,2453,62223,20908,46461,66780,63678,68618,5136,8044,145,1301,57,1242,5039,20964,1365,3654,124,371,50,920,3418,9902,12944,7360,37,1283,18,647,1669,23958,15123,8187,49,1497,24,748,2268,27896,11942,2087,48,66,25,137,207,14512,34779,16272,7,3787,27,1388,6276,62536,23199,12750,4,2564,19,1102,3651,43289,32803,15602,7,3615,25,1331,5939,59322,23213,1727,3,1307,3,31,3281,29565,34697,16156,33,3785,40,1398,5996,62105,102132,107485,2904,11034,323,13914,16690,254482,96919,119475,5144,11845,980,23945,56680,314988,43864,57775,3067,4044,321,10768,16118,0,135957,53055,61700,2077,7801,659,13177,40562,179031,933493,1379598,59212,155183,5241,259562,266093,3058382
2015-16,22,CHHATTISGARH,27,146,21834,2664,25540,16.39,14.03,22.59,991,12.8,30.6,71.04,60.59,81.45,135191,2792441,1626381,50705,,44387,,,,,,,,,6100,,,,,,,,,218,41797,44787,3633,49534,4457355,3281478,1159774,16103,2963192,560972,151867,62097,763,1152,2548,44893,27670,30978,49331,48898,50291,19240,2384,1075,8387,289,515,943,32833,991,1154,858,1768,167,353,261,5552,11772,472,150,4459,108,91,498,17550,14821,894,343,5449,169,197,645,22518,8177,1785,395,7203,147,241,449,18397,30840,206,19,11784,236,4,1215,44304,25041,155,8,8875,152,1,976,35208,29114,198,11,10877,211,3,1132,41546,16935,297,22,3425,50,18,139,20886,30889,216,37,11812,258,5,1222,44439,105689,21162,12374,41885,1558,4835,4555,192058,100790,23211,21572,48688,3526,7258,9682,214727,38178,15707,13664,15654,1412,4598,3546,0,92759,62612,7504,7908,33034,2114,2660,6136,121968,1051793,204893,198694,569304,20549,64711,75077,2185121
2015-16,23,MADHYA PRADESH,51,319,54762,3182,72598,21.99,14.53,20.3,930,15.6,21.1,70.63,60.02,80.53,308245,8585339,4989418,142587,,114465,,,,,,,,,26452,,,,,,,,,1670,107583,115393,13672,137546,12801969,7979306,4689747,132916,7174368,1926579,288586,233721,6302,4416,18915,127889,93444,63436,134128,132454,137328,8567,13961,3587,6210,232,2543,40,35140,2566,8544,3281,4079,185,2122,29,20806,26737,4859,1484,10646,95,911,19,44751,32735,6700,1822,12386,114,1176,22,54955,11846,11340,1144,14835,45,1325,15,40550,82889,68,18,29858,36,4,2,112875,49989,21,4,15204,14,1,2,65235,62269,32,8,22417,19,2,2,84749,49191,2955,152,7160,87,133,21,59699,83959,89,79,30268,85,16,4,114500,291747,130566,45622,119699,1526,25367,225,614752,223200,124291,62503,82326,3213,32701,375,528609,75262,71475,38565,25155,1174,19321,148,0,231100,147938,52816,23938,57171,2039,13380,227,297509,2548448,955864,670665,1624745,10073,287402,1001,6099329
2015-16,24,GUJARAT,33,253,19877,4307,60384,31.35,12.41,19.17,918,6.7,14.8,79.31,70.73,87.23,196024,5808398,3596398,44051,,33843,,,,,,,,,10205,,,,,,,,,3,30775,34633,4492,42653,9090714,5816280,3273318,1116,4875411,1057284,207688,117287,56,506,678,42617,33894,41032,42907,42603,44029,11744,28786,1503,815,220,680,166,43914,3328,26164,1457,658,202,627,87,32523,5868,15250,529,385,93,209,69,22403,6075,16291,801,460,132,337,98,24194,3049,4549,744,270,73,386,149,9220,10494,22105,20,370,81,8,70,33148,8705,18074,11,143,52,5,37,27027,9056,18757,12,179,62,6,50,28122,6400,2362,38,121,33,38,55,9047,10663,22765,60,533,116,17,64,34218,40094,250463,20835,5325,1119,7172,404,325412,35010,237431,34474,4492,3809,8823,992,325031,17867,131442,22526,2654,1163,6188,364,0,182204,17143,105989,11948,1838,2646,2635,628,142827,376728,3317314,343509,67993,13575,88876,9067,4217062
2015-16,25,DAMAN & DIU,2,2,39,7,243,23.61,10.65,53.54,618,2.5,6.3,87.07,79.59,91.48,112,22119,12424,120,,94,,,,,,,,,26,,,,,,,,,0,72,98,11,117,27978,14903,13075,0,10178,6626,631,532,0,1,1,119,60,111,117,117,120,59,6,8,38,4,5,0,120,10,6,8,36,4,5,0,69,22,0,1,19,1,1,0,44,23,0,1,21,1,1,0,47,11,5,3,5,1,3,0,28,53,0,2,38,2,1,0,96,44,0,2,33,2,1,0,82,53,0,2,38,2,1,0,96,14,1,0,8,1,0,0,24,53,0,0,38,3,1,0,95,323,53,188,190,33,59,0,846,332,80,270,293,90,98,0,1163,258,69,223,151,33,61,0,0,795,74,11,42,142,57,37,0,363,4874,443,3849,2739,224,866,0,12995
2015-16,26,DADRA & NAGAR HAVELI,1,1,70,11,343,14.72,14.35,55.5,775,1.8,52,77.65,65.93,86.46,451,43860,25043,323,,275,,,,,,,,,44,,,,,,,,,4,257,287,33,322,58974,41755,17072,147,31495,8731,1575,821,15,4,6,299,141,178,323,322,323,176,128,7,1,1,9,0,322,21,88,7,1,1,9,0,127,111,101,1,0,0,1,0,214,111,101,2,0,0,2,0,216,87,26,3,1,0,3,0,120,165,114,0,0,0,4,0,283,34,14,0,0,0,4,0,52,165,114,0,0,0,4,0,283,107,1,0,1,0,0,0,109,160,114,0,1,0,3,0,278,463,1058,195,2,6,95,0,1819,456,1355,427,3,23,147,0,2411,261,831,332,3,6,91,0,0,1524,195,524,95,0,17,56,0,887,4512,18209,3258,50,65,1478,0,27572
2015-16,27,MAHARASHTRA,36,408,43661,5583,112373,36.58,11.43,15.99,925,11.8,9.4,82.91,75.48,89.82,307713,10258679,6063279,98213,,67294,,,,,,,,,30383,,,,,,,,,536,61769,85476,16202,96345,16043775,5949222,10019040,75513,4812612,4027075,265657,397478,3203,3135,3032,95739,85623,79846,96490,95551,97935,41842,27297,924,84,4592,2114,7539,84392,18860,21910,915,74,4578,2057,7499,55893,31102,18113,512,52,3051,1124,4957,58911,33058,19372,576,60,3379,1321,5551,63317,12911,4290,303,65,249,929,1039,19786,47446,24161,290,29,4223,635,6274,83058,39804,18567,203,7,2851,467,3871,65770,44138,20639,258,12,3688,573,5234,74542,35992,2695,36,52,63,64,511,39413,47631,24598,442,30,3758,906,5779,83144,169023,220060,14101,431,41385,24337,46876,516213,157865,219522,29157,398,121028,36348,102020,666338,74117,106059,16217,231,34701,20973,36083,0,288381,83748,113463,12940,167,86327,15375,65937,377957,1802256,3056026,249509,4349,895519,391712,959883,7519261
2015-16,28,ANDHRA PRADESH,13,670,15075,5076,84666,24.58,10.21,11.1,992,16.4,7,67.66,59.74,75.56,275045,4198314,2538445,60435,,44399,,,,,,,,,15515,,,,,,,,,521,40448,46673,8427,59411,5611310,3128681,2441204,41425,2687236,1154100,182221,92469,2210,7904,9634,56961,33051,36954,59873,59222,57562,35381,9467,170,2,154,1389,9359,55922,4450,4519,153,1,126,1032,7504,17785,8591,2299,26,0,79,150,2353,13498,12802,3307,51,0,110,349,3462,20081,6060,3833,57,1,158,856,4130,15095,34426,5368,25,1,155,71,5515,45561,14666,3455,21,0,35,44,2429,20650,25899,4554,22,1,132,64,4715,35387,25736,2143,9,2,2,85,1446,29423,34016,5318,101,1,130,396,5437,45399,124687,68730,1835,4,971,13631,60301,270159,99912,54749,3018,3,2084,14397,102737,276900,49752,27841,1757,2,950,7852,42401,0,130555,50160,26908,1261,1,1134,6545,60336,146345,1184344,547106,36644,16,18418,199741,724833,2711102
2015-16,29,KARNATAKA,34,203,29449,4063,61131,29.38,11.21,15.67,968,17.1,7,75.6,68.13,82.85,191791,5249682,3142541,61739,,45556,,,,,,,,,16157,,,,,,,,,26,40364,48676,7089,60912,8340373,4249264,4089590,1519,3498190,1473919,175780,136767,115,2146,5391,56984,39568,47423,61109,60570,61724,25497,29463,711,456,59,2841,754,59781,3564,13467,684,296,55,2500,575,21141,6294,7989,81,117,16,408,119,15024,7836,9078,108,145,22,584,185,17958,7867,3501,286,273,16,1199,579,13721,22437,24373,15,192,39,510,501,48067,17817,19200,3,114,30,361,233,37758,18789,20172,5,130,31,387,274,39788,20820,4483,23,152,2,71,44,25595,21462,22359,17,181,30,445,267,44761,78689,229728,11491,2007,480,37513,3434,363342,63811,183344,12245,1698,1047,44082,6435,312662,34381,108233,9875,1087,353,32185,2435,0,188549,29356,75007,2367,611,694,11849,3990,123874,500328,2519183,161482,22605,5168,504280,55831,4034327
2015-16,30,GOA,2,12,530,111,1458,46,9.57,8.17,968,1.7,10.2,87.4,81.84,92.81,3702,120687,73445,1462,,886,,,,,,,,,576,,,,,,,,,0,765,1316,384,1455,196309,37878,158431,0,28397,87404,3247,8135,0,179,305,1433,702,1164,1451,1455,1462,970,72,15,13,5,165,218,1458,135,60,15,11,5,165,218,609,270,29,5,0,2,12,31,349,353,34,8,2,2,41,56,496,113,22,2,5,0,7,14,163,849,59,4,9,4,156,214,1295,1,0,0,0,1,3,1,6,2,0,0,0,1,3,1,7,705,29,1,2,1,2,23,763,853,55,6,9,4,151,215,1293,2950,453,319,45,30,2057,1387,7241,3016,691,560,67,152,3751,3145,11382,2733,559,431,51,81,3074,2168,0,9097,283,132,129,16,71,677,977,2285,26372,3345,5153,513,375,38575,19649,93982
2015-16,31,LAKSHADWEEP,1,3,10,9,64,41.86,11,6.23,946,0,94.8,92.28,88.25,96.11,32,5973,3805,41,,41,,,,,,,,,0,,,,,,,,,0,32,41,0,41,7576,7576,0,0,5983,0,888,0,0,0,0,33,10,24,41,41,41,17,13,4,1,5,1,0,41,17,13,4,1,5,1,0,41,5,6,1,0,2,1,0,15,8,7,2,0,2,1,0,20,6,2,1,1,0,0,0,10,17,13,3,1,4,1,0,39,15,13,3,1,4,1,0,37,15,13,3,1,4,1,0,37,1,1,0,0,2,0,0,4,17,13,4,1,5,1,0,41,139,150,49,15,28,11,0,392,204,250,171,26,214,23,0,888,99,109,90,12,90,12,0,0,412,105,141,81,14,124,11,0,476,1067,1439,583,232,306,97,0,3724
2015-16,32,KERALA,14,166,1907,1375,33388,24.76,9.95,44.86,1084,9.1,1.5,93.91,91.98,96.02,38863,2586473,1618453,16458,,4573,,,,,,,,,10225,,,,,,,,,1660,3733,11435,8217,16246,4012416,889125,2901916,221375,707281,2137218,61636,166596,15653,322,366,15992,12061,13660,16217,15939,16404,7916,3294,1397,643,1005,1183,367,15805,7665,3268,1389,648,1018,1162,370,15520,3178,1190,352,260,413,276,144,5813,3507,1341,423,281,458,359,156,6525,901,615,196,8,8,435,11,2174,6518,2095,485,629,965,285,343,11320,6031,1966,462,575,908,269,317,10528,6491,2092,483,625,963,284,343,11281,3526,324,37,156,54,39,27,4163,5536,1736,485,551,834,274,287,9703,51419,43025,31335,5327,15449,17752,3936,168243,48063,46796,59097,6385,50321,25213,8010,243885,38757,36400,47991,4431,34977,21438,6353,0,190347,9304,10390,11096,1953,15340,3775,1657,53515,404657,437452,475873,57349,241320,228333,64206,1959627
2015-16,33,TAMIL NADU,30,413,19301,4092,72139,38.1,9.56,15.6,995,20,1.1,80.3,73.86,86.81,130058,5534978,3706996,57539,,38200,,,,,,,,,19163,,,,,,,,,176,32895,46593,10564,56356,9236192,4170562,5047629,18001,3199070,2187864,270272,285816,1713,0,1283,56547,44295,45782,56787,56205,57514,34724,9556,2654,120,4162,1786,3771,56773,14202,7891,2656,91,4076,1766,2456,33138,12746,4783,624,45,1917,377,1712,22204,17989,5593,1377,69,2448,872,2172,30520,5048,794,682,72,344,733,1207,8880,28948,8683,75,65,3859,35,3589,45254,27075,8456,67,61,3623,32,2970,42284,28016,8655,75,64,3806,35,3244,43895,17144,352,19,58,119,28,284,18004,27348,8148,87,69,3508,55,3374,42589,158846,77998,59873,490,30542,25761,15126,368636,144224,81286,121950,758,126527,40069,42987,557801,120701,58412,99006,657,73896,34522,25159,0,412353,23523,22874,22944,101,52613,5547,17828,145430,1491832,908881,917137,6599,603164,316866,259051,4503530
2015-16,34,PUDUCHERRY,4,6,145,33,1244,52.12,10.25,27.72,1038,15.7,0,86.55,81.22,92.12,479,122695,75174,719,,421,,,,,,,,,298,,,,,,,,,0,238,454,140,686,169462,48595,120867,0,25006,48371,4759,7369,0,8,0,718,521,685,693,686,719,278,86,100,1,52,166,36,719,276,84,100,1,52,161,36,710,160,42,27,1,37,42,29,338,168,51,57,1,38,75,31,421,45,21,20,1,0,50,0,137,240,49,10,1,49,53,36,438,17,3,1,0,3,7,2,33,18,3,1,0,3,7,2,34,127,10,3,0,5,5,4,154,240,48,12,1,50,56,36,443,1400,796,2015,12,296,1765,194,6478,1501,1015,4556,11,1558,2869,618,12128,1098,719,3460,8,855,2219,357,0,8716,403,296,1096,3,703,650,261,3412,11161,7041,35432,189,4317,21912,2288,82340
2015-16,35,A & N ISLANDS,3,9,198,37,380,30.58,10.4,6.68,878,0,7.5,86.27,81.84,90.11,8249,35315,22232,410,,340,,,,,,,,,70,,,,,,,,,0,307,342,44,409,50113,37171,12942,0,25201,4930,4350,996,0,13,18,353,238,278,410,409,410,171,80,40,0,19,49,0,359,62,66,37,0,18,49,0,232,36,22,8,0,7,14,0,87,75,41,16,0,10,26,0,168,57,15,4,0,3,5,0,84,182,60,31,0,17,43,0,333,45,21,10,0,5,16,0,97,64,29,13,0,8,24,0,138,167,12,0,0,5,4,0,188,183,60,34,0,18,43,0,338,895,723,569,0,106,462,0,2755,935,1038,1835,0,546,992,0,5346,593,679,1146,0,299,626,0,0,3343,342,359,689,0,247,366,0,2003,5010,5164,8581,0,1279,4560,0,24594
2015-16,36,TELANGANA,10,459,9934,1776,352,38.67,39.2,13.58,987,15.4,9.3,66.46,57.92,74.95,114840,3151811,1966365,40818,,28679,,,,,,,,,11541,,,,,,,,,598,25590,29421,4541,39736,5005185,2238721,2690844,75620,1824558,944525,127825,99020,2423,3914,4860,38315,24750,27916,40382,39736,38293,18033,6685,154,0,148,4669,6344,36033,1988,3289,126,0,153,3783,4823,14162,3600,1286,17,0,51,406,1454,6814,5450,2016,43,0,100,1014,2170,10793,4592,3125,58,0,183,2724,2012,12694,19723,3361,24,0,179,103,4902,28292,9774,2417,19,0,36,61,2288,14595,17231,3199,24,0,162,96,4421,25133,13397,1115,4,0,0,165,1050,15731,19579,3384,62,0,103,294,5008,28430,76082,52862,1982,0,1165,49790,37117,218998,58610,44336,3107,0,3198,51227,68790,229268,30083,23532,2036,0,1369,26576,30561,0,114157,28527,20804,1071,0,1829,24651,38229,115111,739808,447384,40484,0,23344,730993,446308,2428321
